method,mean_time_ms,std_time_ms,min_time_ms,max_time_ms
1. Current (List Comprehension),15.105732900002522,0.205921683806233,14.858246000017061,15.529287999981989
2. GroupBy Pre-Index,8.754244100003916,0.9557440903285951,8.053391999965243,11.460153000030004
3. Dictionary Lookup,175.31234769998605,9.394566969187247,165.0643799999898,198.3885959999725
4. isin + Split,16.952723200006403,5.294976859512614,14.546391000010317,32.79457700000421
5. Index-Based Lookup,73.60020240000722,2.8996068605671144,70.91668500004289,79.17216300000973
6. NumPy searchsorted,2.226479600000175,0.13939648236456104,2.0633599999655416,2.5043739999546233
7. Merge-Based,38.42313560001003,3.5394750691235015,35.5027489999884,48.66401300000689
8. Categorical Dtype,19.758100299998205,3.806963392996727,17.711842999972305,30.837938999979997
