method,mean_time_ms,std_time_ms,min_time_ms,max_time_ms
1. Current (List Comprehension),19.94945059999509,0.6615590900374452,19.119419999981346,21.079954000015277
2. GroupBy Pre-Index,14.729256199984775,0.17112171990472302,14.408608999985972,14.923655999950824
3. Dictionary Lookup,1052.2558082000046,30.502574960597507,1016.541339000014,1091.9890590000136
4. isin + Split,15.300608200004717,0.3280318651873143,14.884182000002966,15.835546999994676
5. Index-Based Lookup,242.86437479998995,6.066155905240086,233.45443800002386,251.73350299996855
6. NumPy searchsorted,4.573471200001222,1.1806352064312955,3.38605600001074,6.187683000007382
7. Merge-Based,40.32148199999028,1.6312463990200745,37.326205999988815,42.32167999998637
8. Categorical Dtype,26.24201719999064,2.5217211465699374,22.673989999987043,29.134383999974034
