method,mean_time_ms,std_time_ms,min_time_ms,max_time_ms
1. Current (List Comprehension),37.29333733334291,10.157360361712056,28.29980799998566,51.490374000024985
2. GroupBy Pre-Index,23.23974900000773,1.8808724307741485,21.673355000018546,25.88475400000334
3. Dictionary Lookup,2670.769898333333,28.110121266067058,2631.7781679999825,2696.9741240000076
4. isin + Split,15.793277333330025,0.11543725325606413,15.652028000033624,15.93478999996023
5. Index-Based Lookup,468.94357733333436,36.53931003548627,443.0640390000349,520.6179419999444
6. NumPy searchsorted,7.44047700000768,1.9438635740827441,5.257496000012907,9.978982999996333
7. Merge-Based,42.005911333319546,0.20400679493780985,41.75437599997167,42.254054000011365
8. Categorical Dtype,34.02277333331464,3.2172357863624104,31.342171000005692,38.54689099995312
